Artist,Album
Arcade Fire,﻿Funeral
"Rufus, Chaka Khan",Ask Rufus
Suicide,Suicide
Various Artists,The Indestructible Beat of Soweto
Shakira,Dónde Están los Ladrones
Boyz II Men,II
The Ronettes,Presenting the Fabulous Ronettes
Marvin Gaye,"Here, My Dear"
Bonnie Raitt,Nick of Time
Harry Styles,Fine Line
Linda Ronstadt,Heart Like a Wheel
Phil Spector and Various Artists,Back to Mono (1958-1969)
The Stooges,The Stooges
Black Flag,Damaged
John Mayer,Continuum
Richard and Linda Thompson,I Want to See the Bright Lights Tonight
Lady Gaga,Born This Way
Muddy Waters,The Anthology
The Pharcyde,Bizarre Ride II the Pharcyde
Belle and Sebastian,If You’re Feeling Sinister
Miranda Lambert,The Weight of These Wings
Selena,Amor Prohibido
The Kinks,Something Else by the Kinks
Howlin’ Wolf,Moanin' in the Moonlight
Sparks,Kimono My House
Sheryl Crow,Sheryl Crow
Big Star,#1 Record
Daddy Yankee,Barrio Fino
SZA,Ctrl
Jefferson Airplane,Surrealistic Pillow
Juvenile,400 Degreez
Manu Chao,Clandestino
The Rolling Stones,Some Girls
Maxwell,BLACKsummers’night
The Beach Boys,The Beach  Boys Today!
King Sunny Adé,The Best of the Classic Years
The Isley Brothers,3 + 3
Laura Nyro,Eli & the 13th Confession
The Flying Burrito Brothers,The Gilded Palace of Sin
Bon Iver,For Emma
Lorde,Melodrama
Kid Cudi,Man on the Moon: The End of the Day
Jason Isbell,Southeastern
Sinéad O’Connor,I Do Not Want What I Haven’t Got
Al Green,Greatest Hits
Bo Diddley,Bo Diddley/Go Bo Diddley
Can,Ege Bamyasi
Nine Inch Nails,Pretty Hate Machine
Diana Ross and the Supremes,Anthology
Roberta Flack,First Take
Paul and Linda McCartney,Ram
The White Stripes,Elephant
Otis Redding,Dictionary of Soul
Bad Bunny,X 100pre
Alice Coltrane,Journey in Satchidanada
Yes,Close to the Edge
Fiona Apple,Extraordinary Machine
David Bowie,Scary Monsters
The Weeknd,Beauty Behind the Madness
Britney Spears,Blackout
Loretta Lynn,Coal Miner's Daughter
James Brown,Sex Machine
Blur,Parklife
Primal Scream,Screamadelica
2Pac,All Eyez on Me
Pet Shop Boys,Actually
Pavement,"Crooked Rain, Crooked Rain"
LCD Soundsystem,Sound of Silver
Usher,Confessions
Los Lobos,How Will the Wolf Survive?
Elvis Costello,My Aim Is True
The Four Tops,Reach Out
Hüsker Dü,New Day Rising
Al Green,Call Me
Lucinda Williams,Lucinda Williams
Paul Simon,Paul Simon
Beck,Odelay
Yo La Tengo,I Can Hear the Heart Beating As One
Marvin Gaye,Let's Get It On
M.I.A.,Arular
"Earth, Wind and Fire",That’s the Way of the World
Eric Church,Chief
Dire Straits,Brothers in Arms
Ornette Coleman,The Shape of Jazz to Come
The Roots,Things Fall Apart
The Meters,Looka Py Py
Chic,Risqué
Creedence Clearwater Revival,Cosmo's Factory
Smokey Robinson and the Miracles,Going to a Go Go
Bob Dylan,Love and Theft
The Beach Boys,Wild Honey
Grateful Dead,Workingman’s Dead
Motörhead,Ace of Spades
Neil Young,Everybody Knows This Is Nowhere
Magnetic Fields,69 Love Songs
Various,Nuggets: Original Artyfacts from the First Psychedelic Era
Anita Baker,Rapture
Ghostface Killah,Supreme Clientele
Fela Kuti and Africa 70,Expensive Shit
Blondie,Blondie
The Go-Go’s,Beauty and the Beat
Brian Wilson,Smile
The Raincoats,The Raincoats
Billie Eilish,"When We All Fall Asleep, Where Do We Go?"
Todd Rundgren,Something/Anything?
D’Angelo and the Vanguard,Black Messiah
Diana Ross,Diana
Taylor Swift,1989
Ike and Tina Turner,Proud Mary: The Best of Ike and Tina Turner
Kelis,Kaleidoscope
Pixies,Surfer Rosa
Mariah Carey,The Emancipation of Mimi
Aretha Franklin,"Young, Gifted and Black"
Radiohead,In Rainbows
J Dilla,Donuts
Ramones,Rocket to Russia
The Kinks,The Kinks Are the Village Green Preservation Society
Massive Attack,Mezzanine
Tame Impala,Currents
Lynyrd Skynyrd,(Pronounced 'Lĕh-'nérd 'Skin-'nérd)
Charles Mingus,Mingus Ah Um
Rush,Moving Pictures
Run-DMC,Run-D.M.C.
Yeah Yeah Yeahs,Fever to Tell
Neutral Milk Hotel,In the Aeroplane Over the Sea
Green Day,Dookie
Robert Johnson,King of the Delta Blues Singers
Isaac Hayes,Hot Buttered Soul
Big Brother and the Holding Company,Cheap Thrills
The Temptations,Anthology
Lil Wayne,Tha Carter II
Mobb Deep,The Infamous
George Harrison,All Things Must Pass
Drake,If You're Reading This It's Too Late
Aerosmith,Rocks
Madvillain,Madvillainy
Talking Heads,More Songs About Buildings and Food
Parliament,The Mothership Connection
Luther Vandross,Never Too Much
My Chemical Romance,The Black Parade
Funkadelic,One Nation Under a Groove
Big Star,Radio City
Sonic Youth,Goo
Tom Waits,Rain Dogs
Dr. John,Gris-Gris
Black Sabbath,Black Sabbath
X-Ray Spex,Germfree Adolescents
The Cars,The Cars
Eminem,The Slim Shady LP
Roxy Music,For Your Pleasure
Stevie Wonder,Music of My Mind
MC5,Kick Out the Jams
Gillian Welch,Time (The Revelator)
GZA,Liquid Swords
Arctic Monkeys,AM
Bruce Springsteen,"The Wild, the Innocent & the E Street Shuffle"
Toots and the Maytals,Funky Kingston
Sly and the Family Stone,Greatest Hits
The Beatles,Let It Be
The Smashing Pumpkins,Siamese Dream
Snoop Doggy Dogg,Doggystyle
Janet Jackson,Rhythm Nation 1814
Brian Eno,Another Green World
Bob Dylan,John Wesley Harding
Roxy Music,Avalon
Bob Dylan and the Band,The Basement Tapes
Santana,Abraxas
Bill Withers,Still Bill
Elvis Presley,Elvis Presley
Madonna,Like a Prayer
The Rolling Stones,Aftermath
DJ Shadow,Endtroducing.....
Vampire Weekend,Modern Vampires of the City
The Who,Live at Leeds
Prince,Dirty Mind
Jerry Lee Lewis,All Killer No Filler!
Coldplay,A Rush of Blood to the Head
The Clash,Sandinista!
Elvis Presley,From Elvis in Memphis
Lana Del Rey,Norman Fucking Rockwell!
X,Los Angeles
The Stone Roses,The Stone Roses
Janet Jackson,The Velvet Rope
Billie Holiday,Lady in Satin
The Who,The Who Sell Out
Rosalía,El Mal Querer
Aaliyah,One in a Million
PJ Harvey,"Stories From the City, Stories From the Sea"
Solange,A Seat at the Table
Neil Young,On the Beach
Wire,Pink Flag
Joy Divison,Closer
Brian Eno,Here Come the Warm Jets
Sam Cooke,Portrait of a Legend
Al Green,I'm Still in Love With You
Kiss,Alive!
Bill Withers,Just As I Am
ABBA,The Definitive Collection
Neil Young,Tonight's the Night
New York Dolls,New York Dolls
Shania Twain,Come on Over
B.B. King,Live at the Regal
Tom Petty,Full Moon Fever
Peter Gabriel,So
Neil Young,Rust Never Sleeps
Daft Punk,Random Access Memories
Weezer,Weezer (The Blue Album)
The Breeders,Last Splash
Van Halen,Van Halen
Destiny's Child,The Writing’s on the Wall
OutKast,Speakerboxxx/The Love Below
Björk,Post
The Modern Lovers,The Modern Lovers
The Byrds,Mr. Tambourine Man
Red Hot Chili Peppers,Californication
Big Star,Third/Sister Lovers
Merle Haggard,Down Every Road 1962-1994
Donna Summer,Bad Girls
Frank Sinatra,In the Wee Small Hours
Harry Nilsson,Nilsson Schmilsson
50 Cent,Get Rich or Die Tryin'
Nirvana,MTV Unplugged in New York
Led Zeppelin,Houses of the Holy
Alicia Keys,The Diary of Alicia Keys
Radiohead,The Bends
Curtis Mayfield,Curtis
The Byrds,Sweetheart of the Rodeo
Gang of Four,Entertainment!
The Velvet Underground,White Light/White Heat
Mary J. Blige,What’s the 411?
Kacey Musgraves,Golden Hour
Kanye West,Yeezus
Randy Newman,Sail Away
Minutemen,Double Nickels on the Dime
The Beatles,Help!
Pavement,Wowee Zowee
Pink Floyd,Wish You Were Here
The Beatles,Hard Day's Night
New Order,"Power, Corruption & Lies"
Beastie Boys,Check Your Head
The Slits,Cut
Janis Joplin,Pearl
Joni Mitchell,The Hissing of Summer Lawns
Dolly Parton,Coat of Many Colors
Tracy Chapman,Tracy Chapman
Bob Dylan,The Freewheelin' Bob Dylan
Herbie Hancock,Head Hunters
Pink Floyd,The Piper at the Gates of Dawn
Devo,Q: Are We Not Men? A: We Are Devo!
Elton John,Honky Château
Buzzcocks,Singles Going Steady
Whitney Houston,Whitney Houston
Green Day,American Idiot
Sade,Love Deluxe
LL Cool J,Mama Said Knock You Out
Cocteau Twins,Heaven or Las Vegas
Kanye West,808s & Heartbreak
The Zombies,Odessey and Oracle
The Velvet Underground,Loaded
Massive Attack,Blue Lines
Sam Cooke,"Live at the Harlem Square Club, 1963"
Boogie Down Productions,Criminal Minded
Kraftwerk,Trans Europe Express
Willie Nelson,Red Headed Stranger
Daft Punk,Discovery
Metallica,Metallica (The Black Album)
Black Sabbath,Master of Reality
Tori Amos,Little Earthquakes
John Coltrane,Giant Steps
Tom Petty and the Heartbreakers,Damn the Torpedoes
Rihanna,Anti
Patsy Cline,The Ultimate Collection
De La Soul,De La Soul Is Dead
Little Richard,Here’s Little Richard
Derek and the Dominos,Layla and Other Assorted Love Songs
Wilco,Yankee Hotel Foxtrot
Dixie Chicks,Fly
John Lennon,Imagine
Madonna,Ray of Light
Rage Against the Machine,Rage Against the Machine
"Crosby, Stills, Nash, and Young",Déjà Vu
Raekwon,Only Built 4 Cuban Linx
TLC,CrazySexyCool
Oasis,Definitely Maybe
Elliott Smith,Either/Or
Grateful Dead,American Beauty
Tom Petty,Wildflowers
Fiona Apple,The Idler Wheel
Nina Simone,Wild Is the Wind
Joy Divison,Unknown Pleasures
Ray Charles,The Birth of Soul
Run-DMC,Raising Hell
Lil Wayne,Tha Carter III
Eagles,Eagles
David Bowie,Low
Cat Stevens,Tea for the Tillerman
Kanye West,Graduation
Nick Drake,Pink Moon
Björk,Homogenic
A Tribe Called Quest,Midnight Marauders
Sade,Diamond Life
Pavement,Slanted and Enchanted
The B-52's,The B-52's
The Beatles,Meet the Beatles!
Robyn,Body Talk
Leonard Cohen,Songs of Leonard Cohen
Michael Jackson,Bad
Creedence Clearwater Revival,Willy and the Poor Boys
Beastie Boys,Licensed to Ill
Etta James,At Last!
The Who,Tommy
Sleater-Kinney,Dig Me Out
T. Rex,Electric Warrior
Ice Cube,AmeriKKKa’s Most Wanted
Red Hot Chili Peppers,Blood Sugar Sex Magik
The Rolling Stones,Beggars Banquet
Cyndi Lauper,She’s So Unusual
D'Angelo,Brown Sugar
James Taylor,Sweet Baby James
Bob Dylan,Bringing It All Back Home
Love,Forever Changes
Notorious B.I.G.,Life After Death
Otis Redding,Otis Blue
Rod Stewart,Every Picture Tells a Story
Public Enemy,Fear of a Black Planet
Kendrick Lamar,DAMN.
Jimmy Cliff and Various Artists,The Harder They Come: Original Soundtrack
Nirvana,In Utero
Simon and Garfunkel,Bridge Over Troubled Water
Sonic Youth,Daydream Nation
Cream,Disraeli Gears
Billy Joel,The Stranger
Steely Dan,Can’t Buy a Thrill
Depeche Mode,Violator
Buddy Holly,20 Golden Greats
R.E.M.,Murmur
Johnny Cash,At Folsom Prison
Various Artists,Saturday Night Fever
Pulp,Different Class
"Crosby, Stills & Nash","Crosby, Stills & Nash"
Pearl Jam,Ten
The Police,Synchronicity
Erykah Badu,Mama's Gun
Oasis,(What's the Story) Morning Glory?
The Replacements,Let It Be
Jay-Z,The Black Album
Aretha Franklin,Amazing Grace
PJ Harvey,Rid of Me
The Pretenders,Pretenders
George Michael,Faith
Bruce Springsteen,Nebraska
John Prine,John Prine
Frank Ocean,Channel Orange
Jeff Buckley,Grace
Blondie,Parallel Lines
Eminem,The Marshall Mathers LP
Led Zeppelin,Physical Graffiti
The Velvet Underground,The Velvet Underground
Bruce Springsteen,Born in the U.S.A.
Pixies,Doolittle
Bob Marley and the Wailers,Catch a Fire
Black Sabbath,Paranoid
Madonna,The Immaculate Collection
Adele,21
Funkadelic,Maggot Brain
U2,The Joshua Tree
Fugees,The Score
Joni Mitchell,Hejira
Hank Williams,40 Greatest Hits
Portishead,Dummy
Prince,1999
Pink Floyd,The Wall
Queen,A Night at the Opera
Ray Charles,Modern Sounds in Country and Western Music
Mary J. Blige,My Life
Beastie Boys,Paul's Boutique
U2,Achtung Baby
Led Zeppelin,Led Zeppelin II
Nine Inch Nails,The Downward Spiral
Elvis Costello,This Year’s Model
Van Morrison,Moondance
Sly and the Family Stone,Stand!
The Eagles,Hotel California
Kanye West,Late Registration
The Cure,Disintegration
Kendrick Lamar,"good kid, m.A.A.d city"
The Strokes,Is This It
The Smiths,The Queen Is Dead
Elton John,Goodbye Yellow Brick Road
Janet Jackson,Control
Joni Mitchell,Court and Spark
Lou Reed,Transformer
Fiona Apple,When the Pawn ...
Television,Marquee Moon
Hole,Live Through This
The Allman Brothers,At Fillmore East
The Rolling Stones,Sticky Fingers
De La Soul,Three Feet High And Rising
The Clash,The Clash
Led Zeppelin,Led Zeppelin
The Band,Music From Big Pink
Taylor Swift,Red
Lucinda Williams,Car Wheels on a Gravel Road
Metallica,Master of Puppets
R.E.M.,Automatic for the People
Drake,Take Care
The Stooges,Fun House
Missy “Misdemeanor” Elliott,Supa Dupa Fly
The Jimi Hendrix Experience,Axis: Bold as Love
Bruce Springsteen,Darkness on the Edge of Town
Neil Young,After the Gold Rush
Erykah Badu,Baduizm
David Bowie,Hunky Dory
Miles Davis,Bitches Brew
The Doors,The Doors
John Lennon,Plastic Ono Band
AC/DC,Back in Black
Dusty Springfield,Dusty in Memphis
Sly and the Family Stone,There’s a Riot Goin’ On
Beyoncé,Beyoncé
The Sex Pistols,Never Mind the Bollocks Here’s the Sex Pistols
Frank Ocean,Blond
Elvis Presley,The Sun Sessions
The Who,Who's Next
Curtis Mayfield,Superfly
Aretha Franklin,Lady Soul
Kanye West,The College Dropout
My Bloody Valentine,Loveless
Neil Young,Harvest
Bob Marley and the Wailers,Exodus
N.W.A,Straight Outta Compton
Alanis Morissette,Jagged Little Pill
Kate Bush,Hounds of Love
Jay-Z,Reasonable Doubt
John Coltrane,A Love Supreme
James Brown,Live at the Apollo
OutKast,Stankonia
Steely Dan,Aja
Guns N’ Roses,Appetite for Destruction
Eric B. and Rakim,Paid in Full
Van Morrison,Astral Weeks
Stevie Wonder,Talking Book
Led Zeppelin,Led Zeppelin IV
The Band,The Band
Liz Phair,Exile in Guyville
Pink Floyd,The Dark Side of the Moon
James Brown,Star Time
Jimi Hendrix,Electric Ladyland
David Bowie,Station to Station
Chuck Berry,The Great Twenty-Eight
Jay-Z,The Blueprint
OutKast,Aquemini
Bob Marley and the Wailers,Legend
Ramones,Ramones
Paul Simon,Graceland
Prince,Sign O' the Times
Nas,Illmatic
A Tribe Called Quest,The Low End Theory
Radiohead,OK Computer
The Rolling Stones,Let It Bleed
David Bowie,The Rise and Fall of Ziggy Stardust and the Spiders From Mars
Talking Heads,Remain in Light
Bob Dylan,Blonde on Blonde
Dr. Dre,The Chronic
Michael Jackson,Off the Wall
The Beatles,Rubber Soul
Stevie Wonder,Innervisions
Amy Winehouse,Back to Black
Beyoncé,Lemonade
Miles Davis,Kind of Blue
Jimi Hendrix,Are You Experienced
The Beatles,White Album
D’Angelo,Voodoo
Wu-Tang Clan,Enter the Wu-Tang(36 Chambers)
Patti Smith,Horses
Carole King,Tapestry
The Beatles,Sgt. Pepper’s Lonely Hearts Club Band
The Velvet Underground,The Velvet Underground and Nico
The Notorious B.I.G.,Ready to Die
Bruce Springsteen,Born to Run
Radiohead,Kid A
Kendrick Lamar,To Pimp a Butterfly
Bob Dylan,Highway 61 Revisited
Kanye West,My Beautiful Dark Twisted Fantasy
The Clash,London Calling
Public Enemy,It Takes a Nation of Millions to Hold Us Back
The Rolling Stones,Exile on Main Street
Aretha Franklin,I Never Loved a Man the Way I Love You
Michael Jackson,Thriller
The Beatles,Revolver
Lauryn Hill,The Miseducation of Lauryn Hill
Bob Dylan,Blood on the Tracks
Prince and the Revolution,Purple Rain
Fleetwood Mac,Rumours
Nirvana,Nevermind
The Beatles,Abbey Road
Stevie Wonder,Songs in the Key of Life
Joni Mitchell,Blue
The Beach Boys,Pet Sounds
Marvin Gaye,What's Going On
